id;archivo;archivo_content_type;descripcion;size
1;../fake-data/blob/hipster.png;image/png;Rustic Frozen Tuna;49521
2;../fake-data/blob/hipster.png;image/png;Customer Vision-oriented Woode;43667
3;../fake-data/blob/hipster.png;image/png;Maine;94624
4;../fake-data/blob/hipster.png;image/png;Berkshire Cove;55859
5;../fake-data/blob/hipster.png;image/png;Arizona;32731
6;../fake-data/blob/hipster.png;image/png;Plastic;53477
7;../fake-data/blob/hipster.png;image/png;invoice;80539
8;../fake-data/blob/hipster.png;image/png;copy overriding wireless;80372
9;../fake-data/blob/hipster.png;image/png;California Focused ADP;29671
10;../fake-data/blob/hipster.png;image/png;Planner;6459
